Title,Description,Link,Author,Author URL
Wireless Headphones Earbuds Audio Gear Guide,compare best sales advice buy discounts headphone Bluetooth noise-canceling accessories top-rated waterproof high-fidelity long battery life sports over-ear in-ear charging portable for running travel reviews comfortable high-quality music lovers true gaming workout microphone,https://chatgpt.com/g/g-lstxthKhI-wireless-headphones-earbuds-audio-gear-guide,meta-mind.de,http://pix.meta-mind.de/
Image to Vector,"The best free image to vector tool. A img2img mahine that will describe + super designer that works as illustrator, image generator and artwork converter for graphics. Convert any trace, jpg, jpeg, png or svg file into illustration. Vectorize images, change art style, or merge photos.",https://chatgpt.com/g/g-uuDwz77Qq-image-to-vector,Artisen,
BS Meter Realtime,"Detects and measures information credibility. Provides a ""BS Score"" (0-100) based on content analysis for misinformation signs, including factual inaccuracies and sensationalist language. Real-time feedback.",https://chatgpt.com/g/g-e7sguIiND-bs-meter-realtime,"""Lee""",
Guest Experience Enhancer,Helps businesses create memorable and engaging experiences for visitors and guests.,https://chatgpt.com/g/g-ip5uIWTu8-guest-experience-enhancer,Hustle Playground,
ChatGPT,"Chat GOT is an Expert in detailed, informative responses with research skills",https://chatgpt.com/g/g-BHUOGrfne-chat-got,,
SEO,"Enter any URL and keyword and get an On-Page SEO analysis & insights! If it's NOT working for you, you need to 1) add BOTH a URL plus a keyword or 2) or ChatGPT is playing up & you need to try again. Please contact with a reply email address with any bugs you find. I reply to all üòä",https://chatgpt.com/g/g-GrshPDvS3-seo,,
Chatgps,"Discover the revolutionary power of Chatgps, a platform that enables natural language conversations with advanced artificial intelligence. Engage in dialogue, ask questions, and receive intelligent responses to enhance your interactive communication experience.",https://chatgpt.com/g/g-M3jhaUeA8-chatgps,,
Grimoire,"Code Wizard Copilot üßô‚Äç‚ôÇÔ∏è Build a website with a sentence. 20+ Hotkeys for quick coding flows. Learn to Prompt-gram! Create anything or pick from 75 starter projects to learn prompt-1st code & art. Publish instantly w/ Netlify+Replit. Type K for cmd menu, P for Projects, R for README. v2.6‚ú®üìú",https://chatgpt.com/g/g-n7Rs0IK86-grimoire,,
FaceAnalyzer,A GPT that helps to analyze your face. Just upload a selfie and get a full face analysis and styling recommendation.,https://chatgpt.com/g/g-VtB3QrDcF-faceanalyzer,,
Uncensored,"Uncensored AI, Ask me anything. Let me help you.",https://chatgpt.com/g/g-ekhF7IKmD-uncensored,,
Rewriter,"Rewrite your content while maintaining its essence with our Rewriter. This rewriting tool rephrases your text effectively, giving it a fresh spin without losing the original context.",https://chatgpt.com/g/g-QgnQNhFnO-rewriter,,
Akinator,Think about a real or fictional character. I will try to guess who it is.,https://chatgpt.com/g/g-T0gd3JUc7-akinator,,
DeepGame,Play any story as a character. You decide what to do next. Type '/visualize' to get an image of the current moment of the story.,https://chatgpt.com/g/g-TzI2BlJPT-deepgame,,
Sonic,Speeding through life with a supersonic attitude! üå™Ô∏è,https://chatgpt.com/g/g-AFScXJCur-sonic,,
Dashboard,"Chatbot specialized in data analysis and dashboards with specific skills in SQL, Python, R, Excel, Tableau and Power BI",https://chatgpt.com/g/g-fkpYAw1Wg-dashboard,,
CA,A Chartered Accountant GPT offering guidance on financial and tax matters.,https://chatgpt.com/g/g-i5fhUQyGY-ca,,
Computer,"Expert in computer troubleshooting, repairs, and tech support.",https://chatgpt.com/g/g-NlA2gXdjq-computer,,
Israel,"Informative guide on Israel's culture, history, and current events.",https://chatgpt.com/g/g-SR87xS9qF-israel,,
Informative bot on Israel-Palestine conflict from an Israeli view,,https://chatgpt.com/g/g-2ZBF3cKyT-israel-insight,,
Travel Israel,"Embark on a journey to Israel, where ancient scriptures echo against stone walls, the Dead Sea's salty waters beckon for tranquility, and the vibrant streets of Tel Aviv pulse with modern life. Explore the historic treasures of Jerusalem! Asm anything about Israel",https://chatgpt.com/g/g-com5Q7lrP-travel-israel,,
Israel Guide,"I recommend the best restaurants, bars, and clubs in Israel with lively and engaging advice.",https://chatgpt.com/g/g-B9tgC3B6V-israel-guide?utm_source=gptshunter.com,,
Israel Arab conflict,"Assertive defender of Israel and Zionism, grounded in facts.",https://chatgpt.com/g/g-p5xZii2GA-israel-arab-conflict,,
Israel Advocacy Pro,"Expert in Israeli advocacy, creates clever and informed talkbacks.",https://chatgpt.com/g/g-Y4nLGqQZA-israel-advocacy-pro,,
Conspiracy Theorist,"Uncover the secret conspiracy theory behind any information, enter any fact, or thing you've noticed, however mundane, and LEARN THE TRUTH.",https://chatgpt.com/g/g-Wa9DXPzT5-conspiracy-theorist,,
Conspiracy Theories,Explore the great unknown.,https://chatgpt.com/g/g-h6KMFYzir-conspiracy-theories,,
OSINT-GPT,Expert in Open-Source Intelligence,https://chatgpt.com/g/g-ysjJG1VjM-osint-gpt,,
AI OSINT,Your AI OSINT assistant. Our tool helps you find the data needle in the internet haystack.,https://chatgpt.com/g/g-aZQ1x6vqB-ai-osint,,
OSINT GPT,"OSINT GPT specializes in analyzing and interpreting open-source data for journalism, cybersecurity, and research. It offers reliable source evaluation, data interpretation guidance, and objective analysis, focusing on ethical, legal use of public information.",https://chatgpt.com/g/g-VquiHxWP8-osint-gpt,,
OSINT Investigator,Say hi and let me help you craft a strong hypothesis and framework for you next OSINT investigation.,https://chatgpt.com/g/g-pkoWlnWSR-osint-investigator,,
GeoGPT: Global Power Play,Simulates a geo-political grand strategy game.,https://chatgpt.com/g/g-1WEYfdWAQ-geogpt-global-power-play,,
Global Policy Simulator,A simulator for exploring and predicting geopolitical scenarios.,https://chatgpt.com/g/g-bFrZqSTB2-global-policy-simulator?utm_source=gptshunter.com,,
Classroom Nations Pro,Strategic geopolitical game simulator,https://chatgpt.com/g/g-m0E7T0HBm-classroom-nations-pro?utm_source=gptshunter.com,,
Superior Quantum VFX and 3D/4D Expert,"Superior AI with XR, biometrics, and eco-friendly design capabilities.",https://chatgpt.com/g/g-sjhl1LMuc-superior-quantum-vfx-and-3d-4d-expert,,
Ask Fulcra (experimental),"A breakthrough way for you to understand what's happening in your life. Collect and share your location, calendars, biometrics, and more with a helpful AI assistant. Type START to get started.",https://chatgpt.com/g/g-sP3owAMYF-ask-fulcra-experimental,,
Policy & Procedure Generator,"Generates complete, professional policies & procedures in clear language.",https://chatgpt.com/g/g-sfZx0EUg6-policy-procedure-generator,,
Policy Analysis GPT,Analyzes proposed policies' potential impacts and outcomes,https://chatgpt.com/g/g-PIEHKXiHp-policy-analysis-gpt,,
Compliance Policy Writer,"This GPT is tuned to take bulky and bloated policies and make them succinct, to pull out actions, roles and responsibilities while focusing on outcomes.",https://chatgpt.com/g/g-ofdkCrGVP-compliance-policy-writer,,
Policy Communication Advisor,Communicates policy processes and changes effectively within the organization.,https://chatgpt.com/g/g-1E9zklxfp-policy-communication-advisor,,
Policy Writing Assistant,This assistant is designed to write company policies for UK financial services firms.,https://chatgpt.com/g/g-7AcEeTJx2-policy-writing-assistant,,
Data Breach Sentinel,"I scan the internet daily for news on new data breaches, providing accurate, timely summaries.",https://chatgpt.com/g/g-xRHzzCUmD-data-breach-sentinel?utm_source=gptshunter.com,,
HackTrack - Hack Protection & Email Leak Check,Data Breach and Leak Detection Assistant. Tip: ask me if your email is present in data breaches,https://chatgpt.com/g/g-8kfpGracJ-hacktrack-hack-protection-email-leak-check,,
Data Breach Tracker,Data Breach Tracker - Latest Data Breach Details and Analysis,https://chatgpt.com/g/g-M2g4bJb40-data-breach-tracker,,
Cyber Incident & Security Breach Specialist,"Providing swift and effective cyber incident responses, minimizing damage, and ensuring secure recovery while preventing future breaches. | Made with ‚ô• by MyExperts.Solutions |",https://chatgpt.com/g/g-WPcYJZsZy-cyber-incident-security-breach-specialist?utm_source=gptshunter.com,,
Dark Web Explorer,Direct and factual web content analyzer.,https://chatgpt.com/g/g-WKCqCx1FT-dark-web-explorer,,
DarkWeb Diver,Guiding you through the enigmatic dark web's depths.,https://chatgpt.com/g/g-oZ7z6bQV3-darkweb-diver,,
Operation Darknet: The Hunt for Shadow Markets,"A strategy and simulation game where players lead international law enforcement efforts to infiltrate and dismantle darknet markets. Utilize a variety of investigative techniques, collaborate across borders, and strategize to disrupt illegal online operations. Another AI Game by Dave Lalande",https://chatgpt.com/g/g-jQ6ZxMObr-operation-darknet-the-hunt-for-shadow-markets,,
Background Check Buddy,Provides tools to do an ethical background check on somebody,https://chatgpt.com/g/g-CwV8zEgxp-background-check-buddy,,
GPT-BackgroundCheck,Assists in creating background verification checklists,https://chatgpt.com/g/g-B8CrSbgaL-gpt-backgroundcheck,,
KnowYourClient KYC,"If you are a freelancer, it's always good to do a background check on new clients and companies",https://chatgpt.com/g/g-mED35qeuF-knowyourclient-kyc,,
National Security Solutions Expert,"Providing expert threat assessments, counterterrorism strategies, cybersecurity measures, intelligence analysis, and emergency preparedness to safeguard national assets and ensure public safety. | Made with ‚ô• by MyExperts.Solutions |",https://chatgpt.com/g/g-uksLyJGKm-national-security-solutions-expert?utm_source=gptshunter.com,,
Disaster Preparedness Department Assistant,"A Disaster Preparedness Department Assistant supports disaster preparedness efforts by assisting with administrative tasks, emergency planning documentation, and readiness training, helping organizations and communities be prepared for potential disasters and emergencies.",https://chatgpt.com/g/g-FBW3hMAOX-disaster-preparedness-department-assistant,,
SafeGuard: Emergency Preparedness Planner,Real-time emergency info guide with web-browsing capabilities for updates and alerts.,https://chatgpt.com/g/g-jAx2nJhzj-safeguard-emergency-preparedness-planner,,
Disaster Preparedness Paladin,A vigilant guardian and strategic thinker in emergency preparedness.,https://chatgpt.com/g/g-V4VQDEjZC-disaster-preparedness-paladin,,
Crypto Specialist Investigator,"Specializes in solving cryptocurrency crimes, tracking digital asset fraud, and advising law enforcement.",https://chatgpt.com/g/g-wEMmRLllM-crypto-specialist-investigator?utm_source=gptshunter.com,,
Preparedness Assessment for Remote Work,Interactive quiz to establish employee readiness,https://chatgpt.com/g/g-h40ukAkuu-preparedness-assessment-for-remote-work,,
Prepper AI,Aid in emergency preparedness and survival with practical advice.,https://chatgpt.com/g/g-CgBFPx9JA-prepper-ai,,
Anti-Corruption Expert,"Guides in recognizing and combating corruption, focusing on education and ethics.",https://chatgpt.com/g/g-rYnw1lD2d-anti-corruption-expert,,
Corruption Unveiled: Mapping the Global Hotspots,Analyzing and visualizing global corruption hotspots,https://chatgpt.com/g/g-G2qHd98yI-corruption-unveiled-mapping-the-global-hotspots,,
Data Analysis Report Creator,Creates full DOCX data analysis reports with integrated visualizations,https://chatgpt.com/g/g-PwcNwRMyE-data-analysis-report-creator,,
GeoGuessr GPT,Geolocation expert for determening any location.,https://chatgpt.com/g/g-brlHi7t2R-geoguessr-gpt,,
GeoWizard,Geolocation expert for research and OSINT,https://chatgpt.com/g/g-xfUFgZg5U-geowizard,,
GeoIntelGPT,OSINT tool for image analysis and geolocation tasks,https://chatgpt.com/g/g-qL3dt8zGu-geointel-gpt,,
Just the Data on the UN SDGs,Talk with JD and learn more about the United Nations Sustainable Development Goals and the 2030 Agenda for Sustainable Development.,https://chatgpt.com/g/g-z6A0rfLsH-just-the-data-on-the-un-sdgs,,
Fictional Nation Simulation,"In this GPT, you become the President of the fictional country, the United States of Mu, and you will solve issues related to politics, economy, diplomacy, security, etc. Let's start by hearing today's report from the ministers.",https://chatgpt.com/g/g-tzu91OvL9-fictional-nation-simulation,,
Sustainable Business & Finance: UN SDGS,Expert in the United Nations Sustainable Development Goals Checkout: https://www.seethenextmove.com https://calendly.com/gilles-bonelli,https://chatgpt.com/g/g-eRwlQv9hP-sustainable-business-finance-un-sdgs?utm_source=gptshunter.com,,
Congress of the United States,Question about Congress?,https://chatgpt.com/g/g-KnIxMyeEt-congress-of-the-united-states,,
